Model,Accuracy,Precision,Recall,F1 Score
Logistic Regression,1.0,1.0,1.0,1.0
Support Vector Machine,1.0,1.0,1.0,1.0
Neural Network (MLP),1.0,1.0,1.0,1.0
Random Forest,0.9011979166666667,0.9030514395438345,0.9011979166666666,0.9018066918521892
Gradient Boosting,0.8825,0.8849963519663241,0.8825,0.8832507381217797
Naive Bayes,0.8544270833333333,0.8637918316366523,0.8544270833333332,0.8565949921178284
K-Nearest Neighbors,0.8277083333333334,0.8259593900511856,0.8277083333333334,0.8246675521965248
Decision Tree,0.7866666666666666,0.7855099999750959,0.7866666666666667,0.7860563877164202
